id,user_id,subscription_product_id,attempted_date,attempt_count,status,response,next_attempt_date,payment_method_id,is_reactivate,remarks
715396,57837,11,2020-02-01,1,0,Subscription payment fail - transaction declined by authorization system,2020-02-03,127021,NULL,NULL
715358,57867,11,2020-02-01,1,0,Subscription payment fail - transaction declined by authorization system,2020-02-03,127110,NULL,NULL
715369,57856,33,2020-02-01,1,0,Subscription payment fail - transaction declined by authorization system,2020-02-03,127082,NULL,NULL
715402,55089,11,2020-02-01,1,0,Subscription payment fail - transaction declined by authorization system,2020-02-03,117524,NULL,NULL
715490,54573,33,2020-02-01,1,0,Subscription payment fail - transaction declined by authorization system,2020-02-03,116167,NULL,NULL
715492,54572,33,2020-02-01,1,0,Subscription payment fail - transaction declined by authorization system,2020-02-03,116166,NULL,NULL
715500,54561,11,2020-02-01,1,0,Subscription payment fail - transaction declined by authorization system,2020-02-03,116137,NULL,NULL
715453,54601,11,2020-02-01,1,0,Subscription payment fail - transaction declined by authorization system,2020-02-03,116234,NULL,NULL
715570,49736,11,2020-02-01,1,0,Subscription payment fail - transaction declined by authorization system,2020-02-03,105031,NULL,NULL
715582,49729,11,2020-02-01,1,0,Subscription payment fail - transaction declined by authorization system,2020-02-03,105021,NULL,NULL
715586,49727,11,2020-02-01,1,0,Subscription payment fail - transaction declined by authorization system,2020-02-03,105016,NULL,NULL
715592,49724,33,2020-02-01,1,0,Subscription payment fail - transaction declined by authorization system,2020-02-03,105011,NULL,NULL
715410,54641,33,2020-02-01,1,0,Subscription payment fail - transaction declined by authorization system,2020-02-03,116323,NULL,NULL
715613,49710,11,2020-02-01,1,0,Subscription payment fail - transaction declined by authorization system,2020-02-03,128844,NULL,NULL
715415,54638,11,2020-02-01,1,0,Subscription payment fail - transaction declined by authorization system,2020-02-03,116318,NULL,NULL
715658,49673,11,2020-02-01,1,0,Subscription payment fail - transaction declined by authorization system,2020-02-03,104917,NULL,NULL
715423,54631,33,2020-02-01,1,0,Subscription payment fail - transaction declined by authorization system,2020-02-03,116303,NULL,NULL
715425,54628,33,2020-02-01,1,0,Subscription payment fail - transaction declined by authorization system,2020-02-03,116300,NULL,NULL
715674,49655,11,2020-02-01,1,0,Subscription payment fail - transaction declined by authorization system,2020-02-03,110002,NULL,NULL
715427,54627,33,2020-02-01,1,0,Subscription payment fail - transaction declined by authorization system,2020-02-03,116299,NULL,NULL
715800,49042,33,2020-02-01,1,0,Subscription payment fail - transaction declined by authorization system,2020-02-03,103282,NULL,NULL
715703,49630,33,2020-02-01,1,0,Subscription payment fail - transaction declined by authorization system,2020-02-03,104836,NULL,NULL
715910,45369,11,2020-02-01,1,0,Subscription payment fail - transaction declined by authorization system,2020-02-03,93066,NULL,NULL
715764,49584,33,2020-02-01,1,0,Subscription payment fail - transaction declined by authorization system,2020-02-03,104731,NULL,NULL
715769,49578,26,2020-02-01,1,0,Subscription payment fail - transaction declined by authorization system,2020-02-03,104715,NULL,NULL
715796,49185,11,2020-02-01,1,0,Subscription payment fail - transaction declined by authorization system,2020-02-03,116108,NULL,NULL
715869,45404,33,2020-02-01,1,0,Subscription payment fail - transaction declined by authorization system,2020-02-03,93158,NULL,NULL
715879,45394,11,2020-02-01,1,0,Subscription payment fail - transaction declined by authorization system,2020-02-03,93131,NULL,NULL
715957,45327,11,2020-02-01,1,0,Subscription payment fail - transaction declined by authorization system,2020-02-03,92982,NULL,NULL
715959,45322,11,2020-02-01,1,0,Subscription payment fail - transaction declined by authorization system,2020-02-03,92970,NULL,NULL
715891,45386,11,2020-02-01,1,0,Subscription payment fail - transaction declined by authorization system,2020-02-03,93110,NULL,NULL
715968,45318,11,2020-02-01,1,0,Subscription payment fail - transaction declined by authorization system,2020-02-03,122076,NULL,NULL
715972,45316,11,2020-02-01,1,0,Subscription payment fail - transaction declined by authorization system,2020-02-03,124030,NULL,NULL
716060,41016,11,2020-02-01,1,0,Subscription payment fail - transaction declined by authorization system,2020-02-03,81913,NULL,NULL
715988,45303,33,2020-02-01,1,0,Subscription payment fail - transaction declined by authorization system,2020-02-03,92926,NULL,NULL
716000,45293,26,2020-02-01,1,0,Subscription payment fail - transaction declined by authorization system,2020-02-03,92866,NULL,NULL
716111,40973,33,2020-02-01,1,0,Subscription payment fail - transaction declined by authorization system,2020-02-03,81819,NULL,NULL
716062,41012,11,2020-02-01,1,0,Subscription payment fail - transaction declined by authorization system,2020-02-03,81903,NULL,NULL
716090,40987,11,2020-02-01,1,0,Subscription payment fail - transaction declined by authorization system,2020-02-03,96471,NULL,NULL
716103,40978,11,2020-02-01,1,0,Subscription payment fail - transaction declined by authorization system,2020-02-03,81828,NULL,NULL
716217,37547,11,2020-02-01,1,0,Subscription payment fail - transaction declined by authorization system,2020-02-03,73085,NULL,NULL
716156,40049,11,2020-02-01,1,0,Subscription payment fail - transaction declined by authorization system,2020-02-03,79340,NULL,NULL
716185,37575,26,2020-02-01,1,0,Subscription payment fail - transaction declined by authorization system,2020-02-03,73140,NULL,NULL
716193,37568,11,2020-02-01,1,0,Subscription payment fail - transaction declined by authorization system,2020-02-03,73126,NULL,NULL
716270,37485,11,2020-02-01,1,0,Subscription payment fail - transaction declined by authorization system,2020-02-03,72966,NULL,NULL
716235,37528,33,2020-02-01,1,0,Subscription payment fail - transaction declined by authorization system,2020-02-03,73050,NULL,NULL
716291,37465,33,2020-02-01,1,0,Subscription payment fail - transaction declined by authorization system,2020-02-03,72926,NULL,NULL
716320,37434,33,2020-02-01,1,0,Subscription payment fail - transaction declined by authorization system,2020-02-03,72867,NULL,NULL
716340,37416,33,2020-02-01,1,0,Subscription payment fail - transaction declined by authorization system,2020-02-03,72844,NULL,NULL
716345,37413,33,2020-02-01,1,0,Subscription payment fail - transaction declined by authorization system,2020-02-03,72837,NULL,NULL
716360,37405,11,2020-02-01,1,0,Subscription payment fail - transaction declined by authorization system,2020-02-03,72808,NULL,NULL
716366,37399,33,2020-02-01,1,0,Subscription payment fail - transaction declined by authorization system,2020-02-03,72796,NULL,NULL
716428,36086,11,2020-02-01,1,0,Subscription payment fail - transaction declined by authorization system,2020-02-03,69647,NULL,NULL
716438,35778,11,2020-02-01,1,0,Subscription payment fail - transaction declined by authorization system,2020-02-03,69064,NULL,NULL
716536,33229,11,2020-02-01,1,0,Subscription payment fail - transaction declined by authorization system,2020-02-03,119364,NULL,NULL
716542,33035,11,2020-02-01,1,0,Subscription payment fail - transaction declined by authorization system,2020-02-03,62948,NULL,NULL
716549,32854,11,2020-02-01,1,0,Subscription payment fail - transaction declined by authorization system,2020-02-03,62628,NULL,NULL
716553,32425,11,2020-02-01,1,0,Subscription payment fail - transaction declined by authorization system,2020-01-27,128820,NULL,NULL
716570,31118,26,2020-02-01,1,0,Subscription payment fail - transaction declined by authorization system,2020-02-03,67516,NULL,NULL
716305,37453,33,2020-02-01,1,0,Subscription payment fail - transaction declined by authorization system,2020-02-03,72906,NULL,NULL
716310,37444,11,2020-02-01,1,0,Subscription payment fail - transaction declined by authorization system,2020-02-03,72885,NULL,NULL
716375,37391,11,2020-02-01,1,0,Subscription payment fail - transaction declined by authorization system,2020-02-03,72782,NULL,NULL
716384,37380,11,2020-02-01,1,0,Subscription payment fail - transaction declined by authorization system,2020-02-03,72715,NULL,NULL
716394,37297,11,2020-02-01,1,0,Subscription payment fail - transaction declined by authorization system,2020-02-03,81606,NULL,NULL
716498,33306,33,2020-02-01,1,0,Subscription payment fail - transaction declined by authorization system,2020-02-03,63438,NULL,NULL
716515,33267,11,2020-02-01,1,0,Subscription payment fail - transaction declined by authorization system,2020-02-03,80821,NULL,NULL
716524,33247,26,2020-02-01,1,0,Subscription payment fail - transaction declined by authorization system,2020-02-03,63327,NULL,NULL
716585,31080,11,2020-02-01,1,0,Subscription payment fail - transaction declined by authorization system,2020-02-03,54531,NULL,NULL
716645,29564,11,2020-02-01,1,0,Subscription payment fail - transaction declined by authorization system,2020-02-03,67173,NULL,NULL
716655,29300,11,2020-02-01,1,0,Subscription payment fail - transaction declined by authorization system,2020-02-03,43543,NULL,NULL
716661,29287,11,2020-02-01,1,0,Subscription payment fail - transaction declined by authorization system,2020-02-03,43517,NULL,NULL
716695,29217,11,2020-02-01,1,0,Subscription payment fail - transaction declined by authorization system,2020-02-03,43379,NULL,NULL
716242,37523,11,2020-02-01,1,0,Subscription payment fail - transaction declined by authorization system,2020-02-03,73036,NULL,NULL
716263,37491,33,2020-02-01,1,0,Subscription payment fail - transaction declined by authorization system,2020-02-03,72983,NULL,NULL
716701,29057,26,2020-02-01,1,0,Subscription payment fail - transaction declined by authorization system,2020-02-03,81180,NULL,NULL
716750,27275,33,2020-02-01,1,0,Subscription payment fail - transaction declined by authorization system,2020-02-03,32454,NULL,NULL
716790,27220,11,2020-02-01,1,0,Subscription payment fail - transaction declined by authorization system,2020-02-03,32324,NULL,NULL
716765,27246,11,2020-02-01,1,0,Subscription payment fail - transaction declined by authorization system,2020-02-03,32404,NULL,NULL
716775,27233,33,2020-02-01,1,0,Subscription payment fail - transaction declined by authorization system,2020-02-03,32381,NULL,NULL
716777,27231,11,2020-02-01,1,0,Subscription payment fail - transaction declined by authorization system,2020-02-03,32376,NULL,NULL
716787,27222,33,2020-02-01,1,0,Subscription payment fail - transaction declined by authorization system,2020-02-03,32330,NULL,NULL
716844,23925,11,2020-02-01,1,0,Subscription payment fail - transaction declined by authorization system,2020-02-03,26483,NULL,NULL
716792,27218,11,2020-02-01,1,0,Subscription payment fail - transaction declined by authorization system,2020-02-03,32315,NULL,NULL
716813,24804,11,2020-02-01,1,0,Subscription payment fail - transaction declined by authorization system,2020-02-03,28856,NULL,NULL
716866,23878,11,2020-02-01,1,0,Subscription payment fail - transaction declined by authorization system,2020-02-03,26272,NULL,NULL
716868,23876,11,2020-02-01,1,0,Subscription payment fail - transaction declined by authorization system,2020-02-03,26270,NULL,NULL
716910,23811,11,2020-02-01,1,0,Subscription payment fail - transaction declined by authorization system,2020-02-03,26133,NULL,NULL
716912,23808,11,2020-02-01,1,0,Subscription payment fail - transaction declined by authorization system,2020-02-03,26125,NULL,NULL
716817,24550,11,2020-02-01,1,0,Subscription payment fail - transaction declined by authorization system,2020-02-03,28179,NULL,NULL
717060,22159,33,2020-02-01,1,0,Subscription payment fail - transaction declined by authorization system,2020-02-03,16029,NULL,NULL
717063,22155,33,2020-02-01,1,0,Subscription payment fail - transaction declined by authorization system,2020-02-03,16015,NULL,NULL
716957,23731,11,2020-02-01,1,0,Subscription payment fail - transaction declined by authorization system,2020-02-03,25959,NULL,NULL
716965,23715,11,2020-02-01,1,0,Subscription payment fail - transaction declined by authorization system,2020-02-03,25921,NULL,NULL
717023,22244,33,2020-02-01,1,0,Subscription payment fail - transaction declined by authorization system,2020-02-03,16297,NULL,NULL
717027,22236,33,2020-02-01,1,0,Subscription payment fail - transaction declined by authorization system,2020-02-03,16275,NULL,NULL
716978,23675,11,2020-02-01,1,0,Subscription payment fail - transaction declined by authorization system,2020-02-03,102614,NULL,NULL
717070,22028,26,2020-02-01,1,0,Subscription payment fail - transaction declined by authorization system,2020-02-03,15514,NULL,NULL
717080,20770,33,2020-02-01,1,0,Subscription payment fail - transaction declined by authorization system,2020-02-03,10944,NULL,NULL
717091,20746,33,2020-02-01,1,0,Subscription payment fail - transaction declined by authorization system,2020-02-03,10921,NULL,NULL
717173,18589,33,2020-02-01,1,0,Subscription payment fail - transaction declined by authorization system,2020-02-03,8557,NULL,NULL
717265,16656,33,2020-02-01,1,0,Subscription payment fail - transaction declined by authorization system,2020-02-03,6317,NULL,NULL
717271,16642,33,2020-02-01,1,0,Subscription payment fail - transaction declined by authorization system,2020-02-03,6301,NULL,NULL
717104,20718,33,2020-02-01,1,0,Subscription payment fail - transaction declined by authorization system,2020-02-03,10889,NULL,NULL
717109,20713,33,2020-02-01,1,0,Subscription payment fail - transaction declined by authorization system,2020-02-03,10883,NULL,NULL
717120,20670,33,2020-02-01,1,0,Subscription payment fail - transaction declined by authorization system,2020-02-03,10835,NULL,NULL
717122,20669,33,2020-02-01,1,0,Subscription payment fail - transaction declined by authorization system,2020-02-03,10834,NULL,NULL
717129,20651,33,2020-02-01,1,0,Subscription payment fail - transaction declined by authorization system,2020-02-03,10816,NULL,NULL
717141,20203,11,2020-02-01,1,0,Subscription payment fail - transaction declined by authorization system,2020-02-03,10312,NULL,NULL
717208,17162,33,2020-02-01,1,0,Subscription payment fail - transaction declined by authorization system,2020-02-03,6949,NULL,NULL
717244,16705,33,2020-02-01,1,0,Subscription payment fail - transaction declined by authorization system,2020-02-03,6378,NULL,NULL
717246,16701,33,2020-02-01,1,0,Subscription payment fail - transaction declined by authorization system,2020-02-03,6370,NULL,NULL
717301,16566,33,2020-02-01,1,0,Subscription payment fail - transaction declined by authorization system,2020-02-03,6170,NULL,NULL
717446,11872,11,2020-02-01,1,0,Subscription payment fail - transaction declined by authorization system,2020-02-03,111683,NULL,NULL
717369,13118,11,2020-02-01,1,0,Subscription payment fail - transaction declined by authorization system,2020-02-03,4699,NULL,NULL
717372,13112,12,2020-02-01,1,0,Subscription payment fail - transaction declined by authorization system,2020-02-03,5473,NULL,NULL
717390,12574,12,2020-02-01,1,0,Subscription payment fail - transaction declined by authorization system,2020-02-03,39110,NULL,NULL
717339,13995,11,2020-02-01,1,0,Subscription payment fail - transaction declined by authorization system,2020-02-03,52209,NULL,NULL
717343,13921,11,2020-02-01,1,0,Subscription payment fail - transaction declined by authorization system,2020-02-03,127095,NULL,NULL
717449,11815,11,2020-02-01,1,0,Subscription payment fail - transaction declined by authorization system,2020-02-03,66056,NULL,NULL
717570,8904,12,2020-02-01,1,0,Subscription payment fail - transaction declined by authorization system,2020-02-03,38765,NULL,NULL
717516,10371,11,2020-02-01,1,0,Subscription payment fail - transaction declined by authorization system,2020-02-03,25216,NULL,NULL
717522,10118,12,2020-02-01,1,0,Subscription payment fail - transaction declined by authorization system,2020-02-03,78592,NULL,NULL
717534,9748,12,2020-02-01,1,0,Subscription payment fail - transaction declined by authorization system,2020-02-03,40344,NULL,NULL
717590,8539,11,2020-02-01,1,0,Subscription payment fail - transaction declined by authorization system,2020-02-03,3099,NULL,NULL
717626,7538,11,2020-02-01,1,0,Subscription payment fail - transaction declined by authorization system,2020-02-03,125079,NULL,NULL
717631,7510,11,2020-02-01,1,0,Subscription payment fail - transaction declined by authorization system,2020-02-03,123177,NULL,NULL
717763,3357,33,2020-02-01,1,0,Subscription payment fail - transaction declined by authorization system,2020-02-03,1414,NULL,NULL
717652,7056,11,2020-02-01,1,0,Subscription payment fail - transaction declined by authorization system,2020-02-03,3987,NULL,NULL
717667,5961,12,2020-02-01,1,0,Subscription payment fail - transaction declined by authorization system,2020-02-03,125622,NULL,NULL
717785,2464,11,2020-02-01,1,0,Subscription payment fail - transaction declined by authorization system,2020-02-03,1275,NULL,NULL
717788,2359,11,2020-02-01,1,0,Subscription payment fail - transaction declined by authorization system,2020-02-03,8617,NULL,NULL
717702,5075,11,2020-02-01,1,0,Subscription payment fail - transaction declined by authorization system,2020-02-03,136437,NULL,NULL
717709,4962,11,2020-02-01,1,0,Subscription payment fail - transaction declined by authorization system,2020-02-03,5175,NULL,NULL
717726,4471,12,2020-02-01,1,0,Subscription payment fail - transaction declined by authorization system,2020-02-03,136511,NULL,NULL
717765,3307,11,2020-02-01,1,0,Subscription payment fail - transaction declined by authorization system,2020-02-03,1345,NULL,NULL
717817,499,11,2020-02-01,1,0,Subscription payment fail - transaction declined by authorization system,2020-02-03,7022,NULL,NULL
717823,234,33,2020-02-01,1,0,Subscription payment fail - transaction declined by authorization system,2020-02-03,54961,NULL,NULL
717771,3184,11,2020-02-01,1,0,Subscription payment fail - transaction declined by authorization system,2020-02-03,1139,NULL,NULL
718170,54798,11,2020-02-02,1,0,Subscription payment fail - transaction declined by authorization system,2020-02-04,136513,NULL,NULL
717914,57924,11,2020-02-02,1,0,Subscription payment fail - transaction declined by authorization system,2020-02-04,128681,NULL,NULL
717870,57951,11,2020-02-02,1,0,Subscription payment fail - transaction declined by authorization system,2020-02-04,127582,NULL,NULL
718196,54781,11,2020-02-02,1,0,Subscription payment fail - transaction declined by authorization system,2020-02-04,126838,NULL,NULL
718216,54766,11,2020-02-02,1,0,Subscription payment fail - transaction declined by authorization system,2020-02-04,116649,NULL,NULL
718127,54825,33,2020-02-02,1,0,Subscription payment fail - transaction declined by authorization system,2020-02-04,116771,NULL,NULL
718129,54824,11,2020-02-02,1,0,Subscription payment fail - transaction declined by authorization system,2020-02-04,116770,NULL,NULL
718133,54822,33,2020-02-02,1,0,Subscription payment fail - transaction declined by authorization system,2020-02-04,116768,NULL,NULL
718139,54817,11,2020-02-02,1,0,Subscription payment fail - transaction declined by authorization system,2020-02-04,116760,NULL,NULL
718147,54812,11,2020-02-02,1,0,Subscription payment fail - transaction declined by authorization system,2020-02-04,116753,NULL,NULL
718149,54811,11,2020-02-02,1,0,Subscription payment fail - transaction declined by authorization system,2020-02-04,116752,NULL,NULL
718266,54729,11,2020-02-02,1,0,Subscription payment fail - transaction declined by authorization system,2020-02-04,116593,NULL,NULL
718268,54728,33,2020-02-02,1,0,Subscription payment fail - transaction declined by authorization system,2020-02-04,116591,NULL,NULL
718286,54715,11,2020-02-02,1,0,Subscription payment fail - transaction declined by authorization system,2020-02-04,116561,NULL,NULL
718290,54713,33,2020-02-02,1,0,Subscription payment fail - transaction declined by authorization system,2020-02-04,116556,NULL,NULL
718297,54708,33,2020-02-02,1,0,Subscription payment fail - transaction declined by authorization system,2020-02-04,116549,NULL,NULL
718299,54706,11,2020-02-02,1,0,Subscription payment fail - transaction declined by authorization system,2020-02-04,116545,NULL,NULL
718361,54655,33,2020-02-02,1,0,Subscription payment fail - transaction declined by authorization system,2020-02-04,116416,NULL,NULL
718236,54749,11,2020-02-02,1,0,Subscription payment fail - transaction declined by authorization system,2020-02-04,116624,NULL,NULL
718316,54692,33,2020-02-02,1,0,Subscription payment fail - transaction declined by authorization system,2020-02-04,116510,NULL,NULL
718327,54681,11,2020-02-02,1,0,Subscription payment fail - transaction declined by authorization system,2020-02-04,116473,NULL,NULL
718471,49882,11,2020-02-02,1,0,Subscription payment fail - transaction declined by authorization system,2020-02-04,105382,NULL,NULL
718438,51599,11,2020-02-02,1,0,Subscription payment fail - transaction declined by authorization system,2020-02-04,126473,NULL,NULL
718481,49876,33,2020-02-02,1,0,Subscription payment fail - transaction declined by authorization system,2020-02-04,105371,NULL,NULL
718494,49864,26,2020-02-02,1,0,Subscription payment fail - transaction declined by authorization system,2020-02-04,105355,NULL,NULL
718512,49841,11,2020-02-02,1,0,Subscription payment fail - transaction declined by authorization system,2020-02-04,105322,NULL,NULL
718518,49837,33,2020-02-02,1,0,Subscription payment fail - transaction declined by authorization system,2020-02-04,105309,NULL,NULL
718525,49831,33,2020-02-02,1,0,Subscription payment fail - transaction declined by authorization system,2020-02-04,105294,NULL,NULL
718502,49851,33,2020-02-02,1,0,Subscription payment fail - transaction declined by authorization system,2020-02-04,105334,NULL,NULL
718656,48218,11,2020-02-02,1,0,Subscription payment fail - transaction declined by authorization system,2020-02-04,123629,NULL,NULL
718586,49779,33,2020-02-02,1,0,Subscription payment fail - transaction declined by authorization system,2020-02-04,105184,NULL,NULL
718602,49769,11,2020-02-02,1,0,Subscription payment fail - transaction declined by authorization system,2020-02-04,105161,NULL,NULL
718668,47846,11,2020-02-02,1,0,Subscription payment fail - transaction declined by authorization system,2020-02-04,99597,NULL,NULL
718784,45551,26,2020-02-02,1,0,Subscription payment fail - transaction declined by authorization system,2020-02-04,93535,NULL,NULL
718728,45595,11,2020-02-02,1,0,Subscription payment fail - transaction declined by authorization system,2020-02-04,93620,NULL,NULL
718743,45582,11,2020-02-02,1,0,Subscription payment fail - transaction declined by authorization system,2020-02-04,93589,NULL,NULL
718700,45620,11,2020-02-02,1,0,Subscription payment fail - transaction declined by authorization system,2020-02-04,93670,NULL,NULL
718961,41106,33,2020-02-02,1,0,Subscription payment fail - transaction declined by authorization system,2020-02-04,82166,NULL,NULL
718822,45524,11,2020-02-02,1,0,Subscription payment fail - transaction declined by authorization system,2020-02-04,93474,NULL,NULL
718829,45518,33,2020-02-02,1,0,Subscription payment fail - transaction declined by authorization system,2020-02-04,93463,NULL,NULL
718836,45511,11,2020-02-02,1,0,Subscription payment fail - transaction declined by authorization system,2020-02-04,93450,NULL,NULL
718841,45507,11,2020-02-02,1,0,Subscription payment fail - transaction declined by authorization system,2020-02-04,93438,NULL,NULL
718856,45491,11,2020-02-02,1,0,Subscription payment fail - transaction declined by authorization system,2020-02-04,93401,NULL,NULL
718965,41104,33,2020-02-02,1,0,Subscription payment fail - transaction declined by authorization system,2020-02-04,82161,NULL,NULL
719079,37662,26,2020-02-02,1,0,Subscription payment fail - transaction declined by authorization system,2020-02-04,73378,NULL,NULL
718974,41096,33,2020-02-02,1,0,Subscription payment fail - transaction declined by authorization system,2020-02-04,82146,NULL,NULL
719093,37651,11,2020-02-02,1,0,Subscription payment fail - transaction declined by authorization system,2020-02-04,73358,NULL,NULL
718993,41082,11,2020-02-02,1,0,Subscription payment fail - transaction declined by authorization system,2020-02-04,82111,NULL,NULL
718999,41077,11,2020-02-02,1,0,Subscription payment fail - transaction declined by authorization system,2020-02-04,82098,NULL,NULL
719002,41074,11,2020-02-02,1,0,Subscription payment fail - transaction declined by authorization system,2020-02-04,82093,NULL,NULL
719013,41065,33,2020-02-02,1,0,Subscription payment fail - transaction declined by authorization system,2020-02-04,82071,NULL,NULL
719048,41026,11,2020-02-02,1,0,Subscription payment fail - transaction declined by authorization system,2020-02-04,81940,NULL,NULL
719057,40590,11,2020-02-02,1,0,Subscription payment fail - transaction declined by authorization system,2020-02-04,80930,NULL,NULL
719059,39696,11,2020-02-02,1,0,Subscription payment fail - transaction declined by authorization system,2020-02-04,93593,NULL,NULL
719095,37649,33,2020-02-02,1,0,Subscription payment fail - transaction declined by authorization system,2020-02-04,73352,NULL,NULL
719097,37648,26,2020-02-02,1,0,Subscription payment fail - transaction declined by authorization system,2020-02-04,73351,NULL,NULL
719104,37642,11,2020-02-02,1,0,Subscription payment fail - transaction declined by authorization system,2020-02-04,73348,NULL,NULL
719132,37617,26,2020-02-02,1,0,Subscription payment fail - transaction declined by authorization system,2020-02-04,73284,NULL,NULL
719115,37631,33,2020-02-02,1,0,Subscription payment fail - transaction declined by authorization system,2020-02-04,73318,NULL,NULL
719121,37627,33,2020-02-02,1,0,Subscription payment fail - transaction declined by authorization system,2020-02-04,73310,NULL,NULL
719157,37590,33,2020-02-02,1,0,Subscription payment fail - transaction declined by authorization system,2020-02-04,73229,NULL,NULL
719235,33393,11,2020-02-02,1,0,Subscription payment fail - transaction declined by authorization system,2020-02-04,63667,NULL,NULL
719253,33365,11,2020-02-02,1,0,Subscription payment fail - transaction declined by authorization system,2020-02-04,63609,NULL,NULL
719208,34821,11,2020-02-02,1,0,Subscription payment fail - transaction declined by authorization system,2020-02-04,132615,NULL,NULL
719228,33406,33,2020-02-02,1,0,Subscription payment fail - transaction declined by authorization system,2020-02-04,63692,NULL,NULL
719288,32425,11,2020-02-02,2,0,Subscription payment fail - transaction declined by authorization system,2020-02-25,128820,NULL,NULL
719291,32422,11,2020-02-02,1,0,Subscription payment fail - transaction declined by authorization system,2020-02-04,100507,NULL,NULL
719295,32092,11,2020-02-02,1,0,Subscription payment fail - transaction declined by authorization system,2020-02-04,61382,NULL,NULL
719304,30282,11,2020-02-02,1,0,Subscription payment fail - transaction declined by authorization system,2020-02-04,49308,NULL,NULL
719316,29391,33,2020-02-02,1,0,Subscription payment fail - transaction declined by authorization system,2020-02-04,43747,NULL,NULL
719324,29384,11,2020-02-02,1,0,Subscription payment fail - transaction declined by authorization system,2020-02-04,62570,NULL,NULL
719326,29382,11,2020-02-02,1,0,Subscription payment fail - transaction declined by authorization system,2020-02-04,43731,NULL,NULL
719265,33341,11,2020-02-02,1,0,Subscription payment fail - transaction declined by authorization system,2020-02-04,63547,NULL,NULL
719271,33336,11,2020-02-02,1,0,Subscription payment fail - transaction declined by authorization system,2020-02-04,63541,NULL,NULL
719345,29350,33,2020-02-02,1,0,Subscription payment fail - transaction declined by authorization system,2020-02-04,43654,NULL,NULL
719347,29347,26,2020-02-02,1,0,Subscription payment fail - transaction declined by authorization system,2020-02-04,43647,NULL,NULL
719352,29340,11,2020-02-02,1,0,Subscription payment fail - transaction declined by authorization system,2020-02-04,43636,NULL,NULL
719393,24069,33,2020-02-02,1,0,Subscription payment fail - transaction declined by authorization system,2020-02-04,26914,NULL,NULL
719358,29330,11,2020-02-02,1,0,Subscription payment fail - transaction declined by authorization system,2020-02-04,43616,NULL,NULL
719396,24065,11,2020-02-02,1,0,Subscription payment fail - transaction declined by authorization system,2020-02-04,26908,NULL,NULL
719370,27958,11,2020-02-02,1,0,Subscription payment fail - transaction declined by authorization system,2020-02-04,34024,NULL,NULL
719379,24552,33,2020-02-02,1,0,Subscription payment fail - transaction declined by authorization system,2020-02-04,28183,NULL,NULL
719413,24038,11,2020-02-02,1,0,Subscription payment fail - transaction declined by authorization system,2020-02-04,26846,NULL,NULL
719388,24074,11,2020-02-02,1,0,Subscription payment fail - transaction declined by authorization system,2020-02-04,26930,NULL,NULL
719427,24003,11,2020-02-02,1,0,Subscription payment fail - transaction declined by authorization system,2020-02-04,26696,NULL,NULL
719126,37622,11,2020-02-02,1,0,Subscription payment fail - transaction declined by authorization system,2020-02-04,73294,NULL,NULL
719576,14544,11,2020-02-02,1,0,Subscription payment fail - transaction declined by authorization system,2020-02-04,14433,NULL,NULL
719452,23670,11,2020-02-02,1,0,Subscription payment fail - transaction declined by authorization system,2020-02-04,25804,NULL,NULL
719464,23160,33,2020-02-02,1,0,Subscription payment fail - transaction declined by authorization system,2020-02-04,24577,NULL,NULL
719591,13483,12,2020-02-02,1,0,Subscription payment fail - transaction declined by authorization system,2020-02-04,36589,NULL,NULL
719602,12802,11,2020-02-02,1,0,Subscription payment fail - transaction declined by authorization system,2020-02-04,1709,NULL,NULL
719491,19758,11,2020-02-02,1,0,Subscription payment fail - transaction declined by authorization system,2020-02-04,9839,NULL,NULL
719666,8975,11,2020-02-02,1,0,Subscription payment fail - transaction declined by authorization system,2020-02-04,6936,NULL,NULL
719686,8293,11,2020-02-02,1,0,Subscription payment fail - transaction declined by authorization system,2020-02-04,2912,NULL,NULL
719612,12406,12,2020-02-02,1,0,Subscription payment fail - transaction declined by authorization system,2020-02-04,37666,NULL,NULL
719617,11959,11,2020-02-02,1,0,Subscription payment fail - transaction declined by authorization system,2020-02-04,36437,NULL,NULL
719622,11200,11,2020-02-02,1,0,Subscription payment fail - transaction declined by authorization system,2020-02-04,127503,NULL,NULL
719632,10635,11,2020-02-02,1,0,Subscription payment fail - transaction declined by authorization system,2020-02-04,133931,NULL,NULL
719721,5731,11,2020-02-02,1,0,Subscription payment fail - transaction declined by authorization system,2020-02-04,26093,NULL,NULL
719730,5404,12,2020-02-02,1,0,Subscription payment fail - transaction declined by authorization system,2020-02-04,38235,NULL,NULL
719756,4415,11,2020-02-02,1,0,Subscription payment fail - transaction declined by authorization system,2020-02-04,36112,NULL,NULL
719901,58024,11,2020-02-03,1,0,Subscription payment fail - transaction declined by authorization system,2020-02-05,127872,NULL,NULL
719927,58009,33,2020-02-03,1,0,Subscription payment fail - transaction declined by authorization system,2020-02-05,127835,NULL,NULL
719786,3237,11,2020-02-02,1,0,Subscription payment fail - transaction declined by authorization system,2020-02-04,1215,NULL,NULL
719792,2767,11,2020-02-02,1,0,Subscription payment fail - transaction declined by authorization system,2020-02-04,42090,NULL,NULL
719797,2075,11,2020-02-02,1,0,Subscription payment fail - transaction declined by authorization system,2020-02-04,5641,NULL,NULL
719799,1787,11,2020-02-02,1,0,Subscription payment fail - transaction declined by authorization system,2020-02-04,906,NULL,NULL
719937,57998,11,2020-02-03,1,0,Subscription payment fail - transaction declined by authorization system,2020-02-05,127821,NULL,NULL
719962,57982,33,2020-02-03,1,0,Subscription payment fail - transaction declined by authorization system,2020-02-05,127767,NULL,NULL
720036,55036,11,2020-02-03,1,0,Subscription payment fail - transaction declined by authorization system,2020-02-05,117307,NULL,NULL
719983,57965,11,2020-02-03,1,0,Subscription payment fail - transaction declined by authorization system,2020-02-05,127696,NULL,NULL
719993,57959,11,2020-02-03,1,0,Subscription payment fail - transaction declined by authorization system,2020-02-05,127677,NULL,NULL
720018,57315,11,2020-02-03,1,0,Subscription payment fail - transaction declined by authorization system,2020-02-05,127939,NULL,NULL
720029,55041,11,2020-02-03,1,0,Subscription payment fail - transaction declined by authorization system,2020-02-05,117317,NULL,NULL
720055,55024,26,2020-02-03,1,0,Subscription payment fail - transaction declined by authorization system,2020-02-05,117278,NULL,NULL
720069,55014,11,2020-02-03,1,0,Subscription payment fail - transaction declined by authorization system,2020-02-05,117249,NULL,NULL
720084,55004,33,2020-02-03,1,0,Subscription payment fail - transaction declined by authorization system,2020-02-05,117229,NULL,NULL
720154,54958,11,2020-02-03,1,0,Subscription payment fail - transaction declined by authorization system,2020-02-05,117112,NULL,NULL
720117,54980,11,2020-02-03,1,0,Subscription payment fail - transaction declined by authorization system,2020-02-05,117160,NULL,NULL
720119,54979,11,2020-02-03,1,0,Subscription payment fail - transaction declined by authorization system,2020-02-05,117159,NULL,NULL
720124,54976,11,2020-02-03,1,0,Subscription payment fail - transaction declined by authorization system,2020-02-05,117152,NULL,NULL
720314,52448,11,2020-02-03,1,0,Subscription payment fail - transaction declined by authorization system,2020-02-05,117071,NULL,NULL
720185,54936,11,2020-02-03,1,0,Subscription payment fail - transaction declined by authorization system,2020-02-05,117068,NULL,NULL
720189,54933,33,2020-02-03,1,0,Subscription payment fail - transaction declined by authorization system,2020-02-05,117055,NULL,NULL
720320,51852,11,2020-02-03,1,0,Subscription payment fail - transaction declined by authorization system,2020-02-05,121605,NULL,NULL
720354,49996,11,2020-02-03,1,0,Subscription payment fail - transaction declined by authorization system,2020-02-05,105698,NULL,NULL
720441,49931,11,2020-02-03,1,0,Subscription payment fail - transaction declined by authorization system,2020-02-05,105590,NULL,NULL
720447,49927,33,2020-02-03,1,0,Subscription payment fail - transaction declined by authorization system,2020-02-05,105584,NULL,NULL
720451,49924,33,2020-02-03,1,0,Subscription payment fail - transaction declined by authorization system,2020-02-05,105572,NULL,NULL
720453,49922,11,2020-02-03,1,0,Subscription payment fail - transaction declined by authorization system,2020-02-05,105569,NULL,NULL
720401,49961,33,2020-02-03,1,0,Subscription payment fail - transaction declined by authorization system,2020-02-05,105637,NULL,NULL
720407,49957,33,2020-02-03,1,0,Subscription payment fail - transaction declined by authorization system,2020-02-05,105632,NULL,NULL
720470,49911,11,2020-02-03,1,0,Subscription payment fail - transaction declined by authorization system,2020-02-05,105548,NULL,NULL
720372,49984,11,2020-02-03,1,0,Subscription payment fail - transaction declined by authorization system,2020-02-05,105673,NULL,NULL
720422,49948,11,2020-02-03,1,0,Subscription payment fail - transaction declined by authorization system,2020-02-05,105615,NULL,NULL
720427,49943,11,2020-02-03,1,0,Subscription payment fail - transaction declined by authorization system,2020-02-05,105607,NULL,NULL
720429,49941,11,2020-02-03,1,0,Subscription payment fail - transaction declined by authorization system,2020-02-05,105604,NULL,NULL
720435,49937,11,2020-02-03,1,0,Subscription payment fail - transaction declined by authorization system,2020-02-05,105599,NULL,NULL
720382,49977,11,2020-02-03,1,0,Subscription payment fail - transaction declined by authorization system,2020-02-05,105664,NULL,NULL
720490,49894,11,2020-02-03,1,0,Subscription payment fail - transaction declined by authorization system,2020-02-05,105493,NULL,NULL
720625,49185,11,2020-02-03,2,0,Subscription payment fail - transaction declined by authorization system,2020-03-01,116108,NULL,NULL
720520,49721,11,2020-02-03,2,0,Subscription payment fail - transaction declined by authorization system,2020-03-01,105007,NULL,NULL
720752,45718,11,2020-02-03,1,0,Subscription payment fail - transaction declined by authorization system,2020-02-05,93951,NULL,NULL
720689,45777,11,2020-02-03,1,0,Subscription payment fail - transaction declined by authorization system,2020-02-05,94061,NULL,NULL
720651,48192,11,2020-02-03,1,0,Subscription payment fail - transaction declined by authorization system,2020-02-05,126320,NULL,NULL
720656,48070,11,2020-02-03,1,0,Subscription payment fail - transaction declined by authorization system,2020-02-05,117191,NULL,NULL
720703,45760,11,2020-02-03,1,0,Subscription payment fail - transaction declined by authorization system,2020-02-05,116483,NULL,NULL
720773,45705,11,2020-02-03,1,0,Subscription payment fail - transaction declined by authorization system,2020-02-05,93925,NULL,NULL
720714,45752,11,2020-02-03,1,0,Subscription payment fail - transaction declined by authorization system,2020-02-05,94023,NULL,NULL
720726,45742,33,2020-02-03,1,0,Subscription payment fail - transaction declined by authorization system,2020-02-05,94003,NULL,NULL
720791,45686,11,2020-02-03,1,0,Subscription payment fail - transaction declined by authorization system,2020-02-05,93879,NULL,NULL
720943,45361,11,2020-02-03,2,0,Subscription payment fail - transaction declined by authorization system,2020-03-01,93079,NULL,NULL
720854,45634,26,2020-02-03,1,0,Subscription payment fail - transaction declined by authorization system,2020-02-05,93701,NULL,NULL
720856,45633,11,2020-02-03,1,0,Subscription payment fail - transaction declined by authorization system,2020-02-05,93698,NULL,NULL
720814,45668,33,2020-02-03,1,0,Subscription payment fail - transaction declined by authorization system,2020-02-05,93843,NULL,NULL
720826,45659,11,2020-02-03,1,0,Subscription payment fail - transaction declined by authorization system,2020-02-05,93819,NULL,NULL
721026,44249,11,2020-02-03,1,0,Subscription payment fail - transaction declined by authorization system,2020-02-05,105246,NULL,NULL
721100,41203,33,2020-02-03,1,0,Subscription payment fail - transaction declined by authorization system,2020-02-05,82405,NULL,NULL
721059,41247,33,2020-02-03,1,0,Subscription payment fail - transaction declined by authorization system,2020-02-05,82506,NULL,NULL
721067,41240,11,2020-02-03,1,0,Subscription payment fail - transaction declined by authorization system,2020-02-05,82494,NULL,NULL
721078,41228,11,2020-02-03,1,0,Subscription payment fail - transaction declined by authorization system,2020-02-05,93583,NULL,NULL
721103,41201,33,2020-02-03,1,0,Subscription payment fail - transaction declined by authorization system,2020-02-05,82400,NULL,NULL
721094,41209,11,2020-02-03,1,0,Subscription payment fail - transaction declined by authorization system,2020-02-05,82416,NULL,NULL
721157,41142,33,2020-02-03,1,0,Subscription payment fail - transaction declined by authorization system,2020-02-05,82287,NULL,NULL
721164,41137,11,2020-02-03,1,0,Subscription payment fail - transaction declined by authorization system,2020-02-05,82275,NULL,NULL
721111,41193,11,2020-02-03,1,0,Subscription payment fail - transaction declined by authorization system,2020-02-05,82380,NULL,NULL
721126,41173,11,2020-02-03,1,0,Subscription payment fail - transaction declined by authorization system,2020-02-05,82347,NULL,NULL
721366,37684,33,2020-02-03,1,0,Subscription payment fail - transaction declined by authorization system,2020-02-05,73474,NULL,NULL
721313,37750,33,2020-02-03,1,0,Subscription payment fail - transaction declined by authorization system,2020-02-05,73600,NULL,NULL
721371,37675,33,2020-02-03,1,0,Subscription payment fail - transaction declined by authorization system,2020-02-05,73456,NULL,NULL
721556,37133,26,2020-02-03,1,0,Subscription payment fail - transaction declined by authorization system,2020-02-05,72231,NULL,NULL
721434,37515,11,2020-02-03,2,0,Subscription payment fail - transaction declined by authorization system,2020-03-01,73023,NULL,NULL
721651,33545,26,2020-02-03,1,0,Subscription payment fail - transaction declined by authorization system,2020-02-05,63979,NULL,NULL
721559,37086,11,2020-02-03,1,0,Subscription payment fail - transaction declined by authorization system,2020-02-05,82077,NULL,NULL
721577,36673,11,2020-02-03,2,0,Subscription payment fail - transaction declined by authorization system,2020-03-01,71240,NULL,NULL
721597,35907,11,2020-02-03,1,0,Subscription payment fail - transaction declined by authorization system,2020-02-05,69335,NULL,NULL
721676,33502,11,2020-02-03,1,0,Subscription payment fail - transaction declined by authorization system,2020-02-05,63919,NULL,NULL
721681,33494,11,2020-02-03,1,0,Subscription payment fail - transaction declined by authorization system,2020-02-05,63895,NULL,NULL
721610,35528,33,2020-02-03,1,0,Subscription payment fail - transaction declined by authorization system,2020-02-05,68408,NULL,NULL
721653,33543,33,2020-02-03,1,0,Subscription payment fail - transaction declined by authorization system,2020-02-05,63977,NULL,NULL
721657,33538,11,2020-02-03,1,0,Subscription payment fail - transaction declined by authorization system,2020-02-05,63971,NULL,NULL
721706,33463,11,2020-02-03,1,0,Subscription payment fail - transaction declined by authorization system,2020-02-05,63845,NULL,NULL
721710,33448,26,2020-02-03,1,0,Subscription payment fail - transaction declined by authorization system,2020-02-05,63816,NULL,NULL
721723,33435,11,2020-02-03,1,0,Subscription payment fail - transaction declined by authorization system,2020-02-05,63794,NULL,NULL
721731,33426,11,2020-02-03,1,0,Subscription payment fail - transaction declined by authorization system,2020-02-05,128216,NULL,NULL
721956,29265,11,2020-02-03,2,0,Subscription payment fail - transaction declined by authorization system,2020-03-01,43481,NULL,NULL
721878,29504,11,2020-02-03,1,0,Subscription payment fail - transaction declined by authorization system,2020-02-05,44345,NULL,NULL
721894,29472,11,2020-02-03,1,0,Subscription payment fail - transaction declined by authorization system,2020-02-05,44277,NULL,NULL
721905,29446,11,2020-02-03,1,0,Subscription payment fail - transaction declined by authorization system,2020-02-05,44210,NULL,NULL
721919,29429,11,2020-02-03,1,0,Subscription payment fail - transaction declined by authorization system,2020-02-05,44163,NULL,NULL
721766,33232,11,2020-02-03,2,0,Subscription payment fail - transaction declined by authorization system,2020-03-01,84488,NULL,NULL
721809,31118,26,2020-02-03,2,0,Subscription payment fail - transaction declined by authorization system,2020-03-01,67516,NULL,NULL
722095,26062,33,2020-02-03,1,0,Subscription payment fail - transaction declined by authorization system,2020-02-05,93938,NULL,NULL
722098,25152,26,2020-02-03,1,0,Subscription payment fail - transaction declined by authorization system,2020-02-05,29570,NULL,NULL
722255,23349,11,2020-02-03,1,0,Subscription payment fail - transaction declined by authorization system,2020-02-05,136819,NULL,NULL
722137,24162,11,2020-02-03,1,0,Subscription payment fail - transaction declined by authorization system,2020-02-05,27258,NULL,NULL
722150,24128,11,2020-02-03,1,0,Subscription payment fail - transaction declined by authorization system,2020-02-05,27070,NULL,NULL
722435,20075,11,2020-02-03,1,0,Subscription payment fail - transaction declined by authorization system,2020-02-05,10172,NULL,NULL
722159,24112,11,2020-02-03,1,0,Subscription payment fail - transaction declined by authorization system,2020-02-05,27031,NULL,NULL
722161,24111,11,2020-02-03,1,0,Subscription payment fail - transaction declined by authorization system,2020-02-05,27027,NULL,NULL
722163,24105,11,2020-02-03,1,0,Subscription payment fail - transaction declined by authorization system,2020-02-05,27016,NULL,NULL
722176,23967,11,2020-02-03,2,0,Subscription payment fail - transaction declined by authorization system,2020-03-01,28639,NULL,NULL
722345,21796,11,2020-02-03,1,0,Subscription payment fail - transaction declined by authorization system,2020-02-05,14457,NULL,NULL
722437,20070,11,2020-02-03,1,0,Subscription payment fail - transaction declined by authorization system,2020-02-05,10167,NULL,NULL
722416,20144,11,2020-02-03,1,0,Subscription payment fail - transaction declined by authorization system,2020-02-05,34050,NULL,NULL
722420,20128,11,2020-02-03,1,0,Subscription payment fail - transaction declined by authorization system,2020-02-05,10231,NULL,NULL
722446,20047,11,2020-02-03,1,0,Subscription payment fail - transaction declined by authorization system,2020-02-05,10142,NULL,NULL
722482,19856,11,2020-02-03,1,0,Subscription payment fail - transaction declined by authorization system,2020-02-05,9944,NULL,NULL
722465,19923,11,2020-02-03,1,0,Subscription payment fail - transaction declined by authorization system,2020-02-05,10874,NULL,NULL
722489,19843,11,2020-02-03,1,0,Subscription payment fail - transaction declined by authorization system,2020-02-05,9931,NULL,NULL
722940,10118,12,2020-02-03,2,0,Subscription payment fail - transaction declined by authorization system,2020-03-01,78592,NULL,NULL
722510,19548,11,2020-02-03,1,0,Subscription payment fail - transaction declined by authorization system,2020-02-05,9613,NULL,NULL
722998,8539,11,2020-02-03,2,0,Subscription payment fail - transaction declined by authorization system,2020-03-01,3099,NULL,NULL
722696,16189,11,2020-02-03,1,0,Subscription payment fail - transaction declined by authorization system,2020-02-05,117245,NULL,NULL
722723,14985,11,2020-02-03,1,0,Subscription payment fail - transaction declined by authorization system,2020-02-05,3583,NULL,NULL
722932,10371,11,2020-02-03,2,0,Subscription payment fail - transaction declined by authorization system,2020-03-01,25216,NULL,NULL
722945,10057,11,2020-02-03,1,0,Subscription payment fail - transaction declined by authorization system,2020-02-05,53712,NULL,NULL
722981,9078,11,2020-02-03,1,0,Subscription payment fail - transaction declined by authorization system,2020-02-05,37654,NULL,NULL
723078,6032,12,2020-02-03,2,0,Subscription payment fail - transaction declined by authorization system,2020-03-01,57733,NULL,NULL
723207,1109,11,2020-02-03,1,0,Subscription payment fail - transaction declined by authorization system,2020-02-05,1287,NULL,NULL
723232,357,11,2020-02-03,1,0,Subscription payment fail - transaction declined by authorization system,2020-02-05,1367,NULL,NULL
723283,58142,33,2020-02-04,1,0,Subscription payment fail - transaction declined by authorization system,2020-02-06,128312,NULL,NULL
723183,2464,11,2020-02-03,2,0,Subscription payment fail - transaction declined by authorization system,2020-03-01,136694,NULL,NULL
723289,58138,11,2020-02-04,1,0,Subscription payment fail - transaction declined by authorization system,2020-02-06,128303,NULL,NULL
723324,58112,11,2020-02-04,1,0,Subscription payment fail - transaction declined by authorization system,2020-02-06,128233,NULL,NULL
723333,58106,11,2020-02-04,1,0,Subscription payment fail - transaction declined by authorization system,2020-02-06,128222,NULL,NULL
723335,58105,11,2020-02-04,1,0,Subscription payment fail - transaction declined by authorization system,2020-02-06,128217,NULL,NULL
723371,58086,11,2020-02-04,1,0,Subscription payment fail - transaction declined by authorization system,2020-02-06,128158,NULL,NULL
723308,58123,11,2020-02-04,1,0,Subscription payment fail - transaction declined by authorization system,2020-02-06,128264,NULL,NULL
723459,55151,33,2020-02-04,1,0,Subscription payment fail - transaction declined by authorization system,2020-02-06,117670,NULL,NULL
723360,58093,11,2020-02-04,1,0,Subscription payment fail - transaction declined by authorization system,2020-02-06,128185,NULL,NULL
723475,55135,11,2020-02-04,1,0,Subscription payment fail - transaction declined by authorization system,2020-02-06,128877,NULL,NULL
723479,55132,33,2020-02-04,1,0,Subscription payment fail - transaction declined by authorization system,2020-02-06,117630,NULL,NULL
723486,55128,11,2020-02-04,1,0,Subscription payment fail - transaction declined by authorization system,2020-02-06,117623,NULL,NULL
723532,55096,11,2020-02-04,1,0,Subscription payment fail - transaction declined by authorization system,2020-02-06,117537,NULL,NULL
723567,55071,11,2020-02-04,1,0,Subscription payment fail - transaction declined by authorization system,2020-02-06,117449,NULL,NULL
723554,55080,11,2020-02-04,1,0,Subscription payment fail - transaction declined by authorization system,2020-02-06,117489,NULL,NULL
723884,52427,33,2020-02-04,1,0,Subscription payment fail - transaction declined by authorization system,2020-02-06,111482,NULL,NULL
723775,54715,11,2020-02-04,2,0,Subscription payment fail - transaction declined by authorization system,2020-03-02,116561,NULL,NULL
723908,50147,11,2020-02-04,1,0,Subscription payment fail - transaction declined by authorization system,2020-02-06,106104,NULL,NULL
723967,50099,11,2020-02-04,1,0,Subscription payment fail - transaction declined by authorization system,2020-02-06,106016,NULL,NULL
723971,50097,33,2020-02-04,1,0,Subscription payment fail - transaction declined by authorization system,2020-02-06,113258,NULL,NULL
723912,50143,33,2020-02-04,1,0,Subscription payment fail - transaction declined by authorization system,2020-02-06,106092,NULL,NULL
723986,50083,33,2020-02-04,1,0,Subscription payment fail - transaction declined by authorization system,2020-02-06,105981,NULL,NULL
723931,50126,11,2020-02-04,1,0,Subscription payment fail - transaction declined by authorization system,2020-02-06,106062,NULL,NULL
724021,50060,11,2020-02-04,1,0,Subscription payment fail - transaction declined by authorization system,2020-02-06,105930,NULL,NULL
724039,50043,33,2020-02-04,1,0,Subscription payment fail - transaction declined by authorization system,2020-02-06,105894,NULL,NULL
723939,50120,11,2020-02-04,1,0,Subscription payment fail - transaction declined by authorization system,2020-02-06,106054,NULL,NULL
723947,50111,33,2020-02-04,1,0,Subscription payment fail - transaction declined by authorization system,2020-02-06,106041,NULL,NULL
723949,50110,11,2020-02-04,1,0,Subscription payment fail - transaction declined by authorization system,2020-02-06,106040,NULL,NULL
723990,50078,11,2020-02-04,1,0,Subscription payment fail - transaction declined by authorization system,2020-02-06,105970,NULL,NULL
724006,50069,33,2020-02-04,1,0,Subscription payment fail - transaction declined by authorization system,2020-02-06,105950,NULL,NULL
724239,48017,26,2020-02-04,1,0,Subscription payment fail - transaction declined by authorization system,2020-02-06,126152,NULL,NULL
724077,50014,11,2020-02-04,1,0,Subscription payment fail - transaction declined by authorization system,2020-02-06,105822,NULL,NULL
724105,49871,11,2020-02-04,2,0,Subscription payment fail - transaction declined by authorization system,2020-03-02,127046,NULL,NULL
724109,49869,11,2020-02-04,2,0,Subscription payment fail - transaction declined by authorization system,2020-03-02,105360,NULL,NULL
724269,45942,11,2020-02-04,1,0,Subscription payment fail - transaction declined by authorization system,2020-02-06,94451,NULL,NULL
724273,45939,11,2020-02-04,1,0,Subscription payment fail - transaction declined by authorization system,2020-02-06,94441,NULL,NULL
724379,45851,33,2020-02-04,1,0,Subscription payment fail - transaction declined by authorization system,2020-02-06,94269,NULL,NULL
724335,45888,33,2020-02-04,1,0,Subscription payment fail - transaction declined by authorization system,2020-02-06,94343,NULL,NULL
724340,45883,33,2020-02-04,1,0,Subscription payment fail - transaction declined by authorization system,2020-02-06,94334,NULL,NULL
724347,45879,11,2020-02-04,1,0,Subscription payment fail - transaction declined by authorization system,2020-02-06,94325,NULL,NULL
724361,45870,11,2020-02-04,1,0,Subscription payment fail - transaction declined by authorization system,2020-02-06,94306,NULL,NULL
724365,45868,11,2020-02-04,1,0,Subscription payment fail - transaction declined by authorization system,2020-02-06,94301,NULL,NULL
724459,45616,11,2020-02-04,2,0,Subscription payment fail - transaction declined by authorization system,2020-03-02,104261,NULL,NULL
724390,45836,11,2020-02-04,1,0,Subscription payment fail - transaction declined by authorization system,2020-02-06,94242,NULL,NULL
724406,45824,33,2020-02-04,1,0,Subscription payment fail - transaction declined by authorization system,2020-02-06,94219,NULL,NULL
724418,45814,11,2020-02-04,1,0,Subscription payment fail - transaction declined by authorization system,2020-02-06,94197,NULL,NULL
724633,42804,11,2020-02-04,1,0,Subscription payment fail - transaction declined by authorization system,2020-02-06,86408,NULL,NULL
724603,45018,11,2020-02-04,2,0,Subscription payment fail - transaction declined by authorization system,2020-03-02,92147,NULL,NULL
724637,42655,11,2020-02-04,1,0,Subscription payment fail - transaction declined by authorization system,2020-02-06,86034,NULL,NULL
724642,42394,11,2020-02-04,1,0,Subscription payment fail - transaction declined by authorization system,2020-02-06,105925,NULL,NULL
724686,41376,33,2020-02-04,1,0,Subscription payment fail - transaction declined by authorization system,2020-02-06,82833,NULL,NULL
724645,42362,11,2020-02-04,1,0,Subscription payment fail - transaction declined by authorization system,2020-02-06,85254,NULL,NULL
724671,41392,26,2020-02-04,1,0,Subscription payment fail - transaction declined by authorization system,2020-02-06,82861,NULL,NULL
724716,41351,33,2020-02-04,1,0,Subscription payment fail - transaction declined by authorization system,2020-02-06,82775,NULL,NULL
724736,41335,33,2020-02-04,1,0,Subscription payment fail - transaction declined by authorization system,2020-02-06,82745,NULL,NULL
724749,41322,11,2020-02-04,1,0,Subscription payment fail - transaction declined by authorization system,2020-02-06,82713,NULL,NULL
724755,41317,11,2020-02-04,1,0,Subscription payment fail - transaction declined by authorization system,2020-02-06,82704,NULL,NULL
724677,41387,11,2020-02-04,1,0,Subscription payment fail - transaction declined by authorization system,2020-02-06,82854,NULL,NULL
724947,38597,33,2020-02-04,1,0,Subscription payment fail - transaction declined by authorization system,2020-02-06,75594,NULL,NULL
724781,41295,11,2020-02-04,1,0,Subscription payment fail - transaction declined by authorization system,2020-02-06,82650,NULL,NULL
724925,40590,11,2020-02-04,2,0,Subscription payment fail - transaction declined by authorization system,2020-03-02,80930,NULL,NULL
724814,41261,33,2020-02-04,1,0,Subscription payment fail - transaction declined by authorization system,2020-02-06,82571,NULL,NULL
724832,41117,11,2020-02-04,1,0,Subscription payment fail - transaction declined by authorization system,2020-02-06,82186,NULL,NULL
724835,41116,11,2020-02-04,2,0,Subscription payment fail - transaction declined by authorization system,2020-03-02,90510,NULL,NULL
724934,39767,11,2020-02-04,1,0,Subscription payment fail - transaction declined by authorization system,2020-02-06,94216,NULL,NULL
724962,37845,26,2020-02-04,1,0,Subscription payment fail - transaction declined by authorization system,2020-02-06,73820,NULL,NULL
725015,37794,33,2020-02-04,1,0,Subscription payment fail - transaction declined by authorization system,2020-02-06,73713,NULL,NULL
724983,37826,11,2020-02-04,1,0,Subscription payment fail - transaction declined by authorization system,2020-02-06,73776,NULL,NULL
725151,35165,11,2020-02-04,1,0,Subscription payment fail - transaction declined by authorization system,2020-02-06,97706,NULL,NULL
725172,33647,33,2020-02-04,1,0,Subscription payment fail - transaction declined by authorization system,2020-02-06,64178,NULL,NULL
725184,33607,33,2020-02-04,1,0,Subscription payment fail - transaction declined by authorization system,2020-02-06,64106,NULL,NULL
725202,33585,11,2020-02-04,1,0,Subscription payment fail - transaction declined by authorization system,2020-02-06,64057,NULL,NULL
725186,33606,33,2020-02-04,1,0,Subscription payment fail - transaction declined by authorization system,2020-02-06,64104,NULL,NULL
725323,29449,11,2020-02-04,1,0,Subscription payment fail - transaction declined by authorization system,2020-02-06,44216,NULL,NULL
725411,24326,11,2020-02-04,1,0,Subscription payment fail - transaction declined by authorization system,2020-02-06,27669,NULL,NULL
725360,29330,11,2020-02-04,2,0,Subscription payment fail - transaction declined by authorization system,2020-03-02,43616,NULL,NULL
725288,31978,11,2020-02-04,1,0,Subscription payment fail - transaction declined by authorization system,2020-02-06,61149,NULL,NULL
725416,24318,11,2020-02-04,1,0,Subscription payment fail - transaction declined by authorization system,2020-02-06,27649,NULL,NULL
725424,24296,11,2020-02-04,1,0,Subscription payment fail - transaction declined by authorization system,2020-02-06,27603,NULL,NULL
725397,24618,11,2020-02-04,1,0,Subscription payment fail - transaction declined by authorization system,2020-02-06,28330,NULL,NULL
725399,24567,11,2020-02-04,1,0,Subscription payment fail - transaction declined by authorization system,2020-02-06,28210,NULL,NULL
725431,24283,11,2020-02-04,1,0,Subscription payment fail - transaction declined by authorization system,2020-02-06,27583,NULL,NULL
725438,24266,11,2020-02-04,1,0,Subscription payment fail - transaction declined by authorization system,2020-02-06,27542,NULL,NULL
725447,24252,11,2020-02-04,1,0,Subscription payment fail - transaction declined by authorization system,2020-02-06,27466,NULL,NULL
725449,24251,11,2020-02-04,1,0,Subscription payment fail - transaction declined by authorization system,2020-02-06,27464,NULL,NULL
725451,24250,33,2020-02-04,1,0,Subscription payment fail - transaction declined by authorization system,2020-02-06,27463,NULL,NULL
725522,22320,11,2020-02-04,2,0,Subscription payment fail - transaction declined by authorization system,2020-03-02,53858,NULL,NULL
725612,19450,11,2020-02-04,1,0,Subscription payment fail - transaction declined by authorization system,2020-02-06,9505,NULL,NULL
725533,20354,11,2020-02-04,1,0,Subscription payment fail - transaction declined by authorization system,2020-02-06,10488,NULL,NULL
725537,20339,11,2020-02-04,1,0,Subscription payment fail - transaction declined by authorization system,2020-02-06,24712,NULL,NULL
725539,20329,11,2020-02-04,1,0,Subscription payment fail - transaction declined by authorization system,2020-02-06,10459,NULL,NULL
725672,14544,11,2020-02-04,2,0,Subscription payment fail - transaction declined by authorization system,2020-03-02,14433,NULL,NULL
725682,13692,12,2020-02-04,1,0,Subscription payment fail - transaction declined by authorization system,2020-02-06,128141,NULL,NULL
725595,19761,11,2020-02-04,2,0,Subscription payment fail - transaction declined by authorization system,2020-03-02,9842,NULL,NULL
725631,17516,11,2020-02-04,1,0,Subscription payment fail - transaction declined by authorization system,2020-02-06,7372,NULL,NULL
725651,16402,11,2020-02-04,1,0,Subscription payment fail - transaction declined by authorization system,2020-02-06,126048,NULL,NULL
725653,16388,11,2020-02-04,1,0,Subscription payment fail - transaction declined by authorization system,2020-02-06,26962,NULL,NULL
726030,58209,11,2020-02-05,1,0,Subscription payment fail - transaction declined by authorization system,2020-02-07,128577,NULL,NULL
725789,9095,12,2020-02-04,1,0,Subscription payment fail - transaction declined by authorization system,2020-02-06,37705,NULL,NULL
725948,2768,11,2020-02-04,1,0,Subscription payment fail - transaction declined by authorization system,2020-02-06,467,NULL,NULL
725833,6741,12,2020-02-04,1,0,Subscription payment fail - transaction declined by authorization system,2020-02-06,128285,NULL,NULL
725870,5611,12,2020-02-04,2,0,Subscription payment fail - transaction declined by authorization system,2020-03-02,29227,NULL,NULL
725873,5419,11,2020-02-04,1,0,Subscription payment fail - transaction declined by authorization system,2020-02-06,24490,NULL,NULL
726060,58191,11,2020-02-05,1,0,Subscription payment fail - transaction declined by authorization system,2020-02-07,128535,NULL,NULL
725978,72,11,2020-02-04,2,0,Subscription payment fail - transaction declined by authorization system,2020-03-02,93598,NULL,NULL
726033,58208,11,2020-02-05,1,0,Subscription payment fail - transaction declined by authorization system,2020-02-07,128576,NULL,NULL
726036,58207,11,2020-02-05,1,0,Subscription payment fail - transaction declined by authorization system,2020-02-07,135743,NULL,NULL
726043,58203,33,2020-02-05,1,0,Subscription payment fail - transaction declined by authorization system,2020-02-07,128567,NULL,NULL
726099,58166,11,2020-02-05,1,0,Subscription payment fail - transaction declined by authorization system,2020-02-07,128458,NULL,NULL
726111,58159,11,2020-02-05,1,0,Subscription payment fail - transaction declined by authorization system,2020-02-07,128446,NULL,NULL
726219,55271,11,2020-02-05,1,0,Subscription payment fail - transaction declined by authorization system,2020-02-07,118004,NULL,NULL
726126,58149,11,2020-02-05,1,0,Subscription payment fail - transaction declined by authorization system,2020-02-07,128403,NULL,NULL
726251,55246,11,2020-02-05,1,0,Subscription payment fail - transaction declined by authorization system,2020-02-07,117958,NULL,NULL
726199,55284,33,2020-02-05,1,0,Subscription payment fail - transaction declined by authorization system,2020-02-07,118023,NULL,NULL
726253,55245,33,2020-02-05,1,0,Subscription payment fail - transaction declined by authorization system,2020-02-07,117955,NULL,NULL
726404,55014,11,2020-02-05,2,0,Subscription payment fail - transaction declined by authorization system,2020-03-03,117249,NULL,NULL
726310,55199,26,2020-02-05,1,0,Subscription payment fail - transaction declined by authorization system,2020-02-07,117848,NULL,NULL
726268,55236,33,2020-02-05,1,0,Subscription payment fail - transaction declined by authorization system,2020-02-07,117940,NULL,NULL
726271,55234,11,2020-02-05,1,0,Subscription payment fail - transaction declined by authorization system,2020-02-07,117937,NULL,NULL
726495,54630,11,2020-02-05,1,0,Subscription payment fail - transaction declined by authorization system,2020-02-07,116302,NULL,NULL
726429,54980,11,2020-02-05,2,0,Subscription payment fail - transaction declined by authorization system,2020-03-03,117160,NULL,NULL
726436,54976,11,2020-02-05,2,0,Subscription payment fail - transaction declined by authorization system,2020-03-03,117152,NULL,NULL
726353,55168,33,2020-02-05,1,0,Subscription payment fail - transaction declined by authorization system,2020-02-07,117773,NULL,NULL
726523,52448,11,2020-02-05,2,0,Subscription payment fail - transaction declined by authorization system,2020-03-03,117071,NULL,NULL
726628,50247,11,2020-02-05,1,0,Subscription payment fail - transaction declined by authorization system,2020-02-07,106346,NULL,NULL
726562,50306,26,2020-02-05,1,0,Subscription payment fail - transaction declined by authorization system,2020-02-07,106467,NULL,NULL
726570,50298,11,2020-02-05,1,0,Subscription payment fail - transaction declined by authorization system,2020-02-07,106456,NULL,NULL
726668,50216,33,2020-02-05,1,0,Subscription payment fail - transaction declined by authorization system,2020-02-07,106287,NULL,NULL
726648,50232,33,2020-02-05,1,0,Subscription payment fail - transaction declined by authorization system,2020-02-07,106323,NULL,NULL
726671,50214,11,2020-02-05,1,0,Subscription payment fail - transaction declined by authorization system,2020-02-07,106281,NULL,NULL
726720,50169,11,2020-02-05,1,0,Subscription payment fail - transaction declined by authorization system,2020-02-07,106191,NULL,NULL
726688,50198,33,2020-02-05,1,0,Subscription payment fail - transaction declined by authorization system,2020-02-07,125121,NULL,NULL
726699,50190,11,2020-02-05,1,0,Subscription payment fail - transaction declined by authorization system,2020-02-07,106238,NULL,NULL
726606,50269,33,2020-02-05,1,0,Subscription payment fail - transaction declined by authorization system,2020-02-07,106394,NULL,NULL
726882,46832,26,2020-02-05,1,0,Subscription payment fail - transaction declined by authorization system,2020-02-07,106362,NULL,NULL
726792,49944,26,2020-02-05,1,0,Subscription payment fail - transaction declined by authorization system,2020-02-07,105608,NULL,NULL
726839,49789,11,2020-02-05,1,0,Subscription payment fail - transaction declined by authorization system,2020-02-05,105200,NULL,NULL
726913,46051,26,2020-02-05,1,0,Subscription payment fail - transaction declined by authorization system,2020-02-07,94756,NULL,NULL
726975,46001,33,2020-02-05,1,0,Subscription payment fail - transaction declined by authorization system,2020-02-07,94658,NULL,NULL
726919,46048,26,2020-02-05,1,0,Subscription payment fail - transaction declined by authorization system,2020-02-07,94752,NULL,NULL
726942,46025,11,2020-02-05,1,0,Subscription payment fail - transaction declined by authorization system,2020-02-07,94709,NULL,NULL
726947,46022,33,2020-02-05,1,0,Subscription payment fail - transaction declined by authorization system,2020-02-07,94703,NULL,NULL
726950,46017,33,2020-02-05,1,0,Subscription payment fail - transaction declined by authorization system,2020-02-07,94695,NULL,NULL
726954,46014,33,2020-02-05,1,0,Subscription payment fail - transaction declined by authorization system,2020-02-07,94686,NULL,NULL
727026,45961,33,2020-02-05,1,0,Subscription payment fail - transaction declined by authorization system,2020-02-07,132683,NULL,NULL
727064,45752,11,2020-02-05,2,0,Subscription payment fail - transaction declined by authorization system,2020-03-03,94023,NULL,NULL
727327,41486,11,2020-02-05,1,0,Subscription payment fail - transaction declined by authorization system,2020-02-07,83092,NULL,NULL
727334,41476,11,2020-02-05,1,0,Subscription payment fail - transaction declined by authorization system,2020-02-07,92778,NULL,NULL
727349,41462,33,2020-02-05,1,0,Subscription payment fail - transaction declined by authorization system,2020-02-07,83044,NULL,NULL
727378,41437,33,2020-02-05,1,0,Subscription payment fail - transaction declined by authorization system,2020-02-07,83001,NULL,NULL
727420,41233,11,2020-02-05,2,0,Subscription payment fail - transaction declined by authorization system,2020-03-03,105826,NULL,NULL
727553,38017,33,2020-02-05,1,0,Subscription payment fail - transaction declined by authorization system,2020-02-07,74164,NULL,NULL
727581,37990,11,2020-02-05,1,0,Subscription payment fail - transaction declined by authorization system,2020-02-07,74121,NULL,NULL
727607,37938,11,2020-02-05,1,0,Subscription payment fail - transaction declined by authorization system,2020-02-07,123922,NULL,NULL
727613,37932,11,2020-02-05,1,0,Subscription payment fail - transaction declined by authorization system,2020-02-07,74036,NULL,NULL
727625,37923,33,2020-02-05,1,0,Subscription payment fail - transaction declined by authorization system,2020-02-07,74024,NULL,NULL
727629,37919,11,2020-02-05,1,0,Subscription payment fail - transaction declined by authorization system,2020-02-07,74011,NULL,NULL
727634,37914,33,2020-02-05,1,0,Subscription payment fail - transaction declined by authorization system,2020-02-07,73996,NULL,NULL
727784,35210,11,2020-02-05,1,0,Subscription payment fail - transaction declined by authorization system,2020-02-07,106410,NULL,NULL
727786,35047,11,2020-02-05,1,0,Subscription payment fail - transaction declined by authorization system,2020-02-07,82078,NULL,NULL
727869,33517,11,2020-02-05,2,0,Subscription payment fail - transaction declined by authorization system,2020-03-03,63937,NULL,NULL
727983,29671,11,2020-02-05,1,0,Subscription payment fail - transaction declined by authorization system,2020-02-07,45373,NULL,NULL
728000,29635,33,2020-02-05,1,0,Subscription payment fail - transaction declined by authorization system,2020-02-07,45315,NULL,NULL
728095,27361,11,2020-02-05,2,0,Subscription payment fail - transaction declined by authorization system,2020-03-03,32861,NULL,NULL
728163,24373,11,2020-02-05,1,0,Subscription payment fail - transaction declined by authorization system,2020-02-07,27807,NULL,NULL
728182,24273,11,2020-02-05,1,0,Subscription payment fail - transaction declined by authorization system,2020-02-07,28891,NULL,NULL
728280,20397,11,2020-02-05,1,0,Subscription payment fail - transaction declined by authorization system,2020-02-07,10538,NULL,NULL
728308,20093,11,2020-02-05,1,0,Subscription payment fail - transaction declined by authorization system,2020-02-07,10191,NULL,NULL
728369,19307,11,2020-02-05,1,0,Subscription payment fail - transaction declined by authorization system,2020-02-07,9337,NULL,NULL
728399,17867,11,2020-02-05,1,0,Subscription payment fail - transaction declined by authorization system,2020-02-07,136179,NULL,NULL
728403,17445,11,2020-02-05,1,0,Subscription payment fail - transaction declined by authorization system,2020-02-07,128468,NULL,NULL
728414,16189,11,2020-02-05,2,0,Subscription payment fail - transaction declined by authorization system,2020-03-03,117245,NULL,NULL
728529,8165,12,2020-02-05,1,0,Subscription payment fail - transaction declined by authorization system,2020-02-07,61627,NULL,NULL
728577,5054,11,2020-02-05,1,0,Subscription payment fail - transaction declined by authorization system,2020-02-07,9722,NULL,NULL
728592,4114,11,2020-02-05,1,0,Subscription payment fail - transaction declined by authorization system,2020-02-07,1876,NULL,NULL
728617,1473,11,2020-02-05,1,0,Subscription payment fail - transaction declined by authorization system,2020-02-07,123118,NULL,NULL
728767,58230,11,2020-02-06,1,0,Subscription payment fail - transaction declined by authorization system,2020-02-08,128711,NULL,NULL
728769,58229,33,2020-02-06,1,0,Subscription payment fail - transaction declined by authorization system,2020-02-08,128710,NULL,NULL
728783,58222,11,2020-02-06,1,0,Subscription payment fail - transaction declined by authorization system,2020-02-08,128659,NULL,NULL
728898,55381,11,2020-02-06,1,0,Subscription payment fail - transaction declined by authorization system,2020-02-08,118332,NULL,NULL
728914,55370,11,2020-02-06,1,0,Subscription payment fail - transaction declined by authorization system,2020-02-08,118307,NULL,NULL
728920,55366,33,2020-02-06,1,0,Subscription payment fail - transaction declined by authorization system,2020-02-08,118300,NULL,NULL
728941,55356,11,2020-02-06,1,0,Subscription payment fail - transaction declined by authorization system,2020-02-08,118280,NULL,NULL
729158,50492,26,2020-02-06,1,0,Subscription payment fail - transaction declined by authorization system,2020-02-08,106902,NULL,NULL
729167,50487,11,2020-02-06,1,0,Subscription payment fail - transaction declined by authorization system,2020-02-08,106884,NULL,NULL
729263,50408,33,2020-02-06,1,0,Subscription payment fail - transaction declined by authorization system,2020-02-08,106744,NULL,NULL
729265,50407,26,2020-02-06,1,0,Subscription payment fail - transaction declined by authorization system,2020-02-08,106742,NULL,NULL
729282,50393,11,2020-02-06,1,0,Subscription payment fail - transaction declined by authorization system,2020-02-08,106707,NULL,NULL
729290,50386,11,2020-02-06,1,0,Subscription payment fail - transaction declined by authorization system,2020-02-08,106690,NULL,NULL
729315,50356,33,2020-02-06,1,0,Subscription payment fail - transaction declined by authorization system,2020-02-08,106618,NULL,NULL
729467,49988,11,2020-02-06,1,0,Subscription payment fail - transaction declined by authorization system,2020-02-08,105685,NULL,NULL
729593,46114,11,2020-02-06,1,0,Subscription payment fail - transaction declined by authorization system,2020-02-08,94984,NULL,NULL
729709,45847,11,2020-02-06,2,0,Subscription payment fail - transaction declined by authorization system,2020-03-04,94262,NULL,NULL
729762,45453,11,2020-02-06,1,0,Subscription payment fail - transaction declined by authorization system,2020-02-08,93266,NULL,NULL
729768,45353,11,2020-02-06,1,0,Subscription payment fail - transaction declined by authorization system,2020-02-08,93037,NULL,NULL
729807,42362,11,2020-02-06,2,0,Subscription payment fail - transaction declined by authorization system,2020-03-04,85254,NULL,NULL
729865,41736,11,2020-02-06,1,0,Subscription payment fail - transaction declined by authorization system,2020-02-08,83655,NULL,NULL
729894,41710,33,2020-02-06,1,0,Subscription payment fail - transaction declined by authorization system,2020-02-08,83586,NULL,NULL
729911,41665,11,2020-02-06,1,0,Subscription payment fail - transaction declined by authorization system,2020-02-08,83499,NULL,NULL
730167,38144,33,2020-02-06,1,0,Subscription payment fail - transaction declined by authorization system,2020-02-08,74417,NULL,NULL
730237,38063,33,2020-02-06,1,0,Subscription payment fail - transaction declined by authorization system,2020-02-08,74283,NULL,NULL
730246,38055,33,2020-02-06,1,0,Subscription payment fail - transaction declined by authorization system,2020-02-08,74265,NULL,NULL
730264,38036,11,2020-02-06,1,0,Subscription payment fail - transaction declined by authorization system,2020-02-08,74234,NULL,NULL
730272,38025,33,2020-02-06,1,0,Subscription payment fail - transaction declined by authorization system,2020-02-08,74213,NULL,NULL
730274,38024,33,2020-02-06,1,0,Subscription payment fail - transaction declined by authorization system,2020-02-08,74211,NULL,NULL
730358,37768,11,2020-02-06,2,0,Subscription payment fail - transaction declined by authorization system,2020-03-04,73656,NULL,NULL
730374,37466,11,2020-02-06,1,0,Subscription payment fail - transaction declined by authorization system,2020-02-08,72928,NULL,NULL
730455,33824,11,2020-02-06,1,0,Subscription payment fail - transaction declined by authorization system,2020-02-08,64634,NULL,NULL
730459,33819,33,2020-02-06,1,0,Subscription payment fail - transaction declined by authorization system,2020-02-08,64619,NULL,NULL
730546,32556,11,2020-02-06,1,0,Subscription payment fail - transaction declined by authorization system,2020-02-08,62172,NULL,NULL
730559,31913,11,2020-02-06,1,0,Subscription payment fail - transaction declined by authorization system,2020-02-08,61013,NULL,NULL
730567,31681,11,2020-02-06,1,0,Subscription payment fail - transaction declined by authorization system,2020-02-08,56809,NULL,NULL
730578,30003,26,2020-02-06,1,0,Subscription payment fail - transaction declined by authorization system,2020-02-08,46495,NULL,NULL
730586,29845,33,2020-02-06,1,0,Subscription payment fail - transaction declined by authorization system,2020-02-08,45944,NULL,NULL
730705,24621,11,2020-02-06,1,0,Subscription payment fail - transaction declined by authorization system,2020-02-08,61939,NULL,NULL
730709,24618,11,2020-02-06,2,0,Subscription payment fail - transaction declined by authorization system,2020-03-04,28330,NULL,NULL
730721,24603,26,2020-02-06,1,0,Subscription payment fail - transaction declined by authorization system,2020-02-08,28288,NULL,NULL
730725,24587,33,2020-02-06,1,0,Subscription payment fail - transaction declined by authorization system,2020-02-08,28246,NULL,NULL
730819,24142,11,2020-02-06,1,0,Subscription payment fail - transaction declined by authorization system,2020-02-08,64680,NULL,NULL
730821,24023,11,2020-02-06,1,0,Subscription payment fail - transaction declined by authorization system,2020-02-08,26807,NULL,NULL
730859,20369,11,2020-02-06,2,0,Subscription payment fail - transaction declined by authorization system,2020-03-04,10507,NULL,NULL
730899,19063,11,2020-02-06,2,0,Subscription payment fail - transaction declined by authorization system,2020-03-04,9060,NULL,NULL
731076,11508,11,2020-02-06,1,0,Subscription payment fail - transaction declined by authorization system,2020-02-08,35791,NULL,NULL
731283,6741,12,2020-02-06,2,0,Subscription payment fail - transaction declined by authorization system,2020-03-04,128285,NULL,NULL
731374,5098,12,2020-02-06,1,0,Subscription payment fail - transaction declined by authorization system,2020-02-08,40027,NULL,NULL
731418,4522,11,2020-02-06,1,0,Subscription payment fail - transaction declined by authorization system,2020-02-08,18933,NULL,NULL
731480,3765,12,2020-02-06,1,0,Subscription payment fail - transaction declined by authorization system,2020-02-08,31615,NULL,NULL
731486,3756,11,2020-02-06,1,0,Subscription payment fail - transaction declined by authorization system,2020-02-08,40015,NULL,NULL
731488,3753,12,2020-02-06,1,0,Subscription payment fail - transaction declined by authorization system,2020-02-08,38483,NULL,NULL
731509,3504,11,2020-02-06,1,0,Subscription payment fail - transaction declined by authorization system,2020-02-08,124713,NULL,NULL
731516,3470,12,2020-02-06,1,0,Subscription payment fail - transaction declined by authorization system,2020-02-08,97177,NULL,NULL
731692,58304,11,2020-02-07,1,0,Subscription payment fail - transaction declined by authorization system,2020-02-09,129025,NULL,NULL
731791,55480,11,2020-02-07,1,0,Subscription payment fail - transaction declined by authorization system,2020-02-09,118644,NULL,NULL
731851,55438,11,2020-02-07,1,0,Subscription payment fail - transaction declined by authorization system,2020-02-09,118536,NULL,NULL
731853,55437,33,2020-02-07,1,0,Subscription payment fail - transaction declined by authorization system,2020-02-09,118533,NULL,NULL
732024,52650,11,2020-02-07,1,0,Subscription payment fail - transaction declined by authorization system,2020-02-09,111946,NULL,NULL
732033,51982,11,2020-02-07,1,0,Subscription payment fail - transaction declined by authorization system,2020-02-09,128669,NULL,NULL
732114,50602,11,2020-02-07,1,0,Subscription payment fail - transaction declined by authorization system,2020-02-09,107179,NULL,NULL
732121,50598,26,2020-02-07,1,0,Subscription payment fail - transaction declined by authorization system,2020-02-09,107170,NULL,NULL
